group_id,label,python,gtm,difference,status
070b7b8dcb2050e65862e1ba4060f8c3e109fc42d7b126cd6f20a4b1c27814ee,manual_review,"{""valid"": 3.0656311232219886e-05, ""invalid"": 0.0002764661613593878, ""manual_review"": 0.9996928775274082}","{""valid"": 5.871414724735641e-23, ""invalid"": 5.2395463354560235e-15, ""manual_review"": 1.0}",0.00030712247259179204,Strong Match
35b677cf93ab10bf5300a9ed4a981c006e7c08b47113c802e51bfc3ef67c08d4,valid,"{""valid"": 0.9603262099826989, ""invalid"": 0.029102837076659456, ""manual_review"": 0.010570952940641695}","{""valid"": 0.9999539852142334, ""invalid"": 4.603200068231672e-05, ""manual_review"": 1.2833195839334621e-08}",0.03962777523153449,Strong Match
673dcb048b9006ae4a2db5288f8f5a78ae4254a5773c6b52585bacd61a8bdd31,valid,"{""valid"": 0.9603262099826989, ""invalid"": 0.029102837076659456, ""manual_review"": 0.010570952940641695}","{""valid"": 0.9999358654022217, ""invalid"": 6.416118412744254e-05, ""manual_review"": 1.6606232833282775e-08}",0.03960965541952277,Strong Match
557d97cc552db306ed3014a97ea45da24ac33a8299e5bf0e755b7b1bb334b4be,invalid,"{""valid"": 0.001807746497587472, ""invalid"": 0.9835376819227227, ""manual_review"": 0.014654571579689822}","{""valid"": 1.724617525883116e-15, ""invalid"": 0.9999994039535522, ""manual_review"": 5.626411621051375e-07}",0.016461722030829518,Strong Match
7187a24b79bf492206a71671fc933f282ac8ab31d06f467df74c00a0dc1940b2,manual_review,"{""valid"": 0.14305116154909367, ""invalid"": 0.002966440935837456, ""manual_review"": 0.8539823975150689}","{""valid"": 9.893917194858659e-06, ""invalid"": 7.355287046095782e-09, ""manual_review"": 0.9999901056289673}",0.1460077081138984,Acceptable Match
f7a5fb20138aa233351c2eb5e7b4fbd6a79b3c59fd868496026f30837509323e,valid,"{""valid"": 0.9603262099826989, ""invalid"": 0.029102837076659456, ""manual_review"": 0.010570952940641695}","{""valid"": 0.999470055103302, ""invalid"": 0.0005298504256643355, ""manual_review"": 6.076495395745951e-08}",0.039143845120603094,Strong Match
1705a4b94f48bc8006017d2cb679b849913e5fb53ef421ca521fc60c8993dcc8,valid,"{""valid"": 0.9603262099826989, ""invalid"": 0.029102837076659456, ""manual_review"": 0.010570952940641695}","{""valid"": 0.9999704360961914, ""invalid"": 2.9614117011078633e-05, ""manual_review"": 4.391051522389944e-09}",0.0396442261134925,Strong Match
57e5accca7e472921dedaf19837c684b36281ff16d394e88f8b75b785d3cd38c,valid,"{""valid"": 0.9603262099826989, ""invalid"": 0.029102837076659456, ""manual_review"": 0.010570952940641695}","{""valid"": 0.9999006986618042, ""invalid"": 9.933026012731716e-05, ""manual_review"": 3.3005449040501844e-08}",0.03957448867910529,Strong Match
7e625630e26d7afdb98c86e8c3f86629b6fab3d798f6c039776218ebbe76ec9d,invalid,"{""valid"": 0.012843515595749979, ""invalid"": 0.9582892706701582, ""manual_review"": 0.028867213734091887}","{""valid"": 1.741668711474631e-06, ""invalid"": 0.9999971389770508, ""manual_review"": 1.1438078217906877e-06}",0.04170786830689255,Strong Match
8c41df68c547a18a46516055e72564c91b5596d8af16a9edad73bbb8cf7addc7,invalid,"{""valid"": 0.012843515595749979, ""invalid"": 0.9582892706701582, ""manual_review"": 0.028867213734091887}","{""valid"": 2.1324908061615133e-08, ""invalid"": 0.9999990463256836, ""manual_review"": 9.674267857917584e-07}",0.04170977565552536,Strong Match
e2d40ab9ec32b47bf9da5726cc2b9795f620bf92daa52483e188953576394dff,manual_review,"{""valid"": 0.00018208330112136207, ""invalid"": 0.0005914762677299164, ""manual_review"": 0.9992264404311489}","{""valid"": 6.794796482918264e-22, ""invalid"": 1.29949253668913e-16, ""manual_review"": 1.0}",0.0007735595688510566,Strong Match
a47a215b5af9249eb2bb156fcca979396b8d7e2aa236d3b7d744ac1ab6810bf6,manual_review,"{""valid"": 0.07060662077237753, ""invalid"": 0.002614306375843642, ""manual_review"": 0.9267790728517786}","{""valid"": 2.2612159966683976e-07, ""invalid"": 1.0445814213611015e-09, ""manual_review"": 0.9999997615814209}",0.07322068872964227,Strong Match
71bcbf3187061500ade926d53654fce8033878ab16bccdd5a84bf91440fac859,valid,"{""valid"": 0.9603262099826989, ""invalid"": 0.029102837076659456, ""manual_review"": 0.010570952940641695}","{""valid"": 0.9999761581420898, ""invalid"": 2.380877594987396e-05, ""manual_review"": 5.332523311807336e-09}",0.039649948159390935,Strong Match
cf9f3f9338d0965f4609c5b6c8a38ac2137ddce474fecbd3064fcc8f6fd3ad25,invalid,"{""valid"": 0.012843515595749979, ""invalid"": 0.9582892706701582, ""manual_review"": 0.028867213734091887}","{""valid"": 6.127907070663241e-09, ""invalid"": 0.9999992847442627, ""manual_review"": 7.243110076160519e-07}",0.04171001407410446,Strong Match
0ba0c0cdc00708e53aee576cda9671c8e1944731f30cc626db1a7e6863375074,valid,"{""valid"": 0.9603262099826989, ""invalid"": 0.029102837076659456, ""manual_review"": 0.010570952940641695}","{""valid"": 0.9999393224716187, ""invalid"": 6.063156979507767e-05, ""manual_review"": 2.391397124767991e-08}",0.039613112488919744,Strong Match
867ea6125735b37bd0ee88060c94e824b8ee291e7aa229830fb822fc16555c7f,invalid,"{""valid"": 0.0011579090951726384, ""invalid"": 0.9843714379901167, ""manual_review"": 0.014470652914710534}","{""valid"": 2.02436136430284e-12, ""invalid"": 0.9999991655349731, ""manual_review"": 8.313789408020966e-07}",0.015627727544856418,Strong Match
f49a72546385cc2447f3ca4a9f9d80155c85becba44a3c77f52177b7e5090e14,valid,"{""valid"": 0.9603262099826989, ""invalid"": 0.029102837076659456, ""manual_review"": 0.010570952940641695}","{""valid"": 0.9999145269393921, ""invalid"": 8.547429752070457e-05, ""manual_review"": 7.085965592068533e-09}",0.03958831695669318,Strong Match
326033ced20f703aa351239886e9f0aa41494045f610e3aa0ddf54708b4f8580,invalid,"{""valid"": 0.012843515595749979, ""invalid"": 0.9582892706701582, ""manual_review"": 0.028867213734091887}","{""valid"": 9.07789576842788e-09, ""invalid"": 0.9999983310699463, ""manual_review"": 1.6232329471677076e-06}",0.041709060399788056,Strong Match
2224af0695761850d982cc1f83b30907fa06e70d5695caea885cef2017f88ba9,valid,"{""valid"": 0.9603262099826989, ""invalid"": 0.029102837076659456, ""manual_review"": 0.010570952940641695}","{""valid"": 0.9999384880065918, ""invalid"": 6.155426672194153e-05, ""manual_review"": 7.196023776856464e-09}",0.03961227802389289,Strong Match
fe67972dbccc90542dcaf7489728f79f19b34d6c666bcf4ad82f85953fc08f92,invalid,"{""valid"": 0.0018077464975874737, ""invalid"": 0.9835376819227227, ""manual_review"": 0.014654571579689822}","{""valid"": 1.6687774209364625e-13, ""invalid"": 0.9999994039535522, ""manual_review"": 5.95761093791225e-07}",0.016461722030829518,Strong Match
15d62344e8abda502b123954273497f3301ead0307b5ab24b6fe5abc6a66e479,manual_review,"{""valid"": 0.0002115668303392366, ""invalid"": 0.05860903317259619, ""manual_review"": 0.9411793999970646}","{""valid"": 2.456419861623836e-21, ""invalid"": 3.115541039733216e-05, ""manual_review"": 0.9999688863754272}",0.058789486378362676,Strong Match
2bd8311651d36b2257985b1197b87ffeddbaf1b8535426c0671c98e14d9ec1b3,valid,"{""valid"": 0.9603262099826989, ""invalid"": 0.029102837076659456, ""manual_review"": 0.010570952940641695}","{""valid"": 0.9996457099914551, ""invalid"": 0.0003541112528182566, ""manual_review"": 1.6135277292050887e-07}",0.03931950000875617,Strong Match
4ece6d3f1656c42fea2f169860a8d11a5f338a36a8404cfd0d5f49944dc86b3a,manual_review,"{""valid"": 0.0004566724134097919, ""invalid"": 0.018742594372324048, ""manual_review"": 0.9808007332142663}","{""valid"": 2.4323154591382153e-15, ""invalid"": 8.389068106851028e-09, ""manual_review"": 1.0}",0.019199266785733693,Strong Match
fc5758a3fcd8e8964c6f772012b694265985e32d6840a70e35c2d6f87f9c9a50,invalid,"{""valid"": 0.012843515595749979, ""invalid"": 0.9582892706701582, ""manual_review"": 0.028867213734091887}","{""valid"": 1.0923215221225746e-08, ""invalid"": 0.999998927116394, ""manual_review"": 1.084365749193239e-06}",0.04170965644623581,Strong Match
911fc8db15d766552a04974602314be96ec6a36e07cfc3764fdb20b1eb5b11a4,invalid,"{""valid"": 0.012843515595749979, ""invalid"": 0.9582892706701582, ""manual_review"": 0.028867213734091887}","{""valid"": 1.7494728865585785e-07, ""invalid"": 0.9999955892562866, ""manual_review"": 4.270516001270153e-06}",0.04170631858612839,Strong Match
b2040a4747fc6e99d397b695398d0aba515025441a9f48bcf28cf4491556cbe2,invalid,"{""valid"": 0.012843515595749979, ""invalid"": 0.9582892706701582, ""manual_review"": 0.028867213734091887}","{""valid"": 2.4623261651868233e-06, ""invalid"": 0.9999959468841553, ""manual_review"": 1.5954623222569353e-06}",0.04170667621399704,Strong Match
3bb46acee2e5b2105b5ba4d076684977912374ccc9a36f0a78bbfb97f57ef5ed,manual_review,"{""valid"": 9.395201359014288e-05, ""invalid"": 0.017544034388498598, ""manual_review"": 0.9823620135979113}","{""valid"": 9.10365174593242e-22, ""invalid"": 1.4313374663288414e-07, ""manual_review"": 0.9999998807907104}",0.01763786719279914,Strong Match
2d723a4cca420e0056d20fbaaa67f4466df3599b5d94959ff562dfb91d077f4c,manual_review,"{""valid"": 0.0011079280292837787, ""invalid"": 0.031142065455672108, ""manual_review"": 0.9677500065150443}","{""valid"": 1.5325450123900887e-14, ""invalid"": 2.1592811094706121e-07, ""manual_review"": 0.9999997615814209}",0.03224975506637662,Strong Match
f5cc7922ea93144d5ac91f266309d1068d5e7eb909eab14f5eee28d58da91a02,manual_review,"{""valid"": 0.002255850697388934, ""invalid"": 0.058413676709567076, ""manual_review"": 0.9393304725930439}","{""valid"": 1.6934361184489702e-21, ""invalid"": 2.7963700631516986e-05, ""manual_review"": 0.9999719858169556}",0.06064151322391165,Strong Match
2d4ea1f681a05be859f3142c4fc5e0f38d1ae592f29d5399b99661543bfb5cd2,manual_review,"{""valid"": 0.004820539989052996, ""invalid"": 0.04614341077878566, ""manual_review"": 0.9490360492321613}","{""valid"": 8.644395801994946e-16, ""invalid"": 2.192901092712418e-06, ""manual_review"": 0.9999978542327881}",0.05096180500062675,Strong Match
